Event Title,Date,Time,Location,Link,Domain
Advanced PID Control Techniques,2024-07-10,10:00 AM,IIT Bombay,https://www.iitb.ac.in,Control Systems
Optimization of Control Systems,2024-07-12,11:00 AM,NIT Trichy,https://www.nitt.edu,Control Systems
Robust Control Design,2024-07-15,2:00 PM,IIT Delhi,https://www.iitd.ac.in,Control Systems
Nonlinear Control Systems,2024-07-18,9:00 AM,IIT Madras,https://www.iitm.ac.in,Control Systems
Adaptive Control in Engineering,2024-07-20,1:00 PM,NIT Warangal,https://www.nitw.ac.in,Control Systems
Model Predictive Control,2024-07-23,3:00 PM,IIT Kanpur,https://www.iitk.ac.in,Control Systems
Intelligent Control Systems,2024-07-25,10:00 AM,NIT Surathkal,https://www.nitk.ac.in,Control Systems
Digital Control Systems,2024-07-28,11:00 AM,IIT Kharagpur,https://www.iitkgp.ac.in,Control Systems
Real-time Control Systems,2024-07-30,2:00 PM,NIT Calicut,https://www.nitc.ac.in,Control Systems
Control System Design with MATLAB,2024-08-01,9:00 AM,IIT Roorkee,https://www.iitr.ac.in,Control Systems
Control Systems for Automation,2024-08-05,1:00 PM,NIT Rourkela,https://www.nitrkl.ac.in,Control Systems
Distributed Control Systems,2024-08-08,3:00 PM,IIT Guwahati,https://www.iitg.ac.in,Control Systems
Linear Control Systems,2024-08-10,10:00 AM,NIT Durgapur,https://www.nitdgp.ac.in,Control Systems
Embedded Control Systems,2024-08-12,11:00 AM,IIT Hyderabad,https://www.iith.ac.in,Control Systems
Sensor Integration in Control Systems,2024-08-15,2:00 PM,NIT Silchar,https://www.nits.ac.in,Control Systems
Control Systems for Industrial Applications,2024-08-18,9:00 AM,IIT Gandhinagar,https://www.iitgn.ac.in,Control Systems
Fuzzy Logic Control Systems,2024-08-20,1:00 PM,NIT Jaipur,https://www.nitj.ac.in,Control Systems
Neural Network Control Systems,2024-08-22,3:00 PM,IIT Bhubaneswar,https://www.iitbbs.ac.in,Control Systems
Control Systems for Renewable Energy,2024-08-25,10:00 AM,NIT Patna,https://www.nitp.ac.in,Control Systems
Haptic Feedback Control Systems,2024-08-28,11:00 AM,IIT Ropar,https://www.iitrpr.ac.in,Control Systems
Control Systems for Robotics,2024-09-01,2:00 PM,NIT Kurukshetra,https://www.nitkkr.ac.in,Control Systems
Control Systems in Aerospace,2024-09-05,9:00 AM,IIT Jodhpur,https://www.iitj.ac.in,Control Systems
Multi-Agent Control Systems,2024-09-08,1:00 PM,NIT Meghalaya,https://www.nitm.ac.in,Control Systems
Predictive Maintenance using Control Systems,2024-09-10,3:00 PM,IIT Indore,https://www.iiti.ac.in,Control Systems
Decentralized Control Systems,2024-09-12,10:00 AM,NIT Hamirpur,https://www.nith.ac.in,Control Systems
Advanced Control Systems Design,2024-09-15,11:00 AM,IIT BHU,https://www.iitbhu.ac.in,Control Systems
Control Systems for Process Industries,2024-09-18,2:00 PM,NIT Agartala,https://www.nita.ac.in,Control Systems
Virtual Reality in Control Systems,2024-09-20,9:00 AM,IIT Mandi,https://www.iitmandi.ac.in,Control Systems
Safety and Reliability in Control Systems,2024-09-25,1:00 PM,NIT Jamshedpur,https://www.nitjsr.ac.in,Control Systems
IoT in Control Systems,2024-09-30,3:00 PM,IIT Palakkad,https://www.iitpkd.ac.in,Control Systems
Advanced Techniques in Process Intensification,2024-07-10,10:00 AM,IIT Bombay,https://www.iitb.ac.in,Process Intensification
Optimization of Chemical Processes,2024-07-12,11:00 AM,NIT Trichy,https://www.nitt.edu,Process Intensification
Innovative Reactors for Process Intensification,2024-07-15,2:00 PM,IIT Delhi,https://www.iitd.ac.in,Process Intensification
Microreactor Technology,2024-07-18,9:00 AM,IIT Madras,https://www.iitm.ac.in,Process Intensification
Process Intensification in Biotechnology,2024-07-20,1:00 PM,NIT Warangal,https://www.nitw.ac.in,Process Intensification
Modular Process Intensification,2024-07-23,3:00 PM,IIT Kanpur,https://www.iitk.ac.in,Process Intensification
Intensification of Separation Processes,2024-07-25,10:00 AM,NIT Surathkal,https://www.nitk.ac.in,Process Intensification
Catalysis in Process Intensification,2024-07-28,11:00 AM,IIT Kharagpur,https://www.iitkgp.ac.in,Process Intensification
Real-time Monitoring and Control,2024-07-30,2:00 PM,NIT Calicut,https://www.nitc.ac.in,Process Intensification
Process Intensification in Energy Systems,2024-08-01,9:00 AM,IIT Roorkee,https://www.iitr.ac.in,Process Intensification
Sustainable Process Intensification,2024-08-05,1:00 PM,NIT Rourkela,https://www.nitrkl.ac.in,Process Intensification
Hybrid Processes in Process Intensification,2024-08-08,3:00 PM,IIT Guwahati,https://www.iitg.ac.in,Process Intensification
Novel Process Designs,2024-08-10,10:00 AM,NIT Durgapur,https://www.nitdgp.ac.in,Process Intensification
Intensification of Heat Transfer Processes,2024-08-12,11:00 AM,IIT Hyderabad,https://www.iith.ac.in,Process Intensification
Process Intensification in Petrochemicals,2024-08-15,2:00 PM,NIT Silchar,https://www.nits.ac.in,Process Intensification
Membrane Technology in Process Intensification,2024-08-18,9:00 AM,IIT Gandhinagar,https://www.iitgn.ac.in,Process Intensification
Process Intensification through Automation,2024-08-20,1:00 PM,NIT Jaipur,https://www.nitj.ac.in,Process Intensification
Energy Efficient Processes,2024-08-22,3:00 PM,IIT Bhubaneswar,https://www.iitbbs.ac.in,Process Intensification
Green Chemistry and Process Intensification,2024-08-25,10:00 AM,NIT Patna,https://www.nitp.ac.in,Process Intensification
Intensified Processes for Water Treatment,2024-08-28,11:00 AM,IIT Ropar,https://www.iitrpr.ac.in,Process Intensification
Process Intensification for Food Processing,2024-09-01,2:00 PM,NIT Kurukshetra,https://www.nitkkr.ac.in,Process Intensification
Advanced Materials for Process Intensification,2024-09-05,9:00 AM,IIT Jodhpur,https://www.iitj.ac.in,Process Intensification
Microfluidics in Process Intensification,2024-09-08,1:00 PM,NIT Meghalaya,https://www.nitm.ac.in,Process Intensification
Process Intensification in Pharmaceuticals,2024-09-10,3:00 PM,IIT Indore,https://www.iiti.ac.in,Process Intensification
Decentralized Process Intensification,2024-09-12,10:00 AM,NIT Hamirpur,https://www.nith.ac.in,Process Intensification
Process Intensification through Integration,2024-09-15,11:00 AM,IIT BHU,https://www.iitbhu.ac.in,Process Intensification
Process Intensification in Refining,2024-09-18,2:00 PM,NIT Agartala,https://www.nita.ac.in,Process Intensification
Virtual Reality in Process Intensification,2024-09-20,9:00 AM,IIT Mandi,https://www.iitmandi.ac.in,Process Intensification
Safety and Reliability in Process Intensification,2024-09-25,1:00 PM,NIT Jamshedpur,https://www.nitjsr.ac.in,Process Intensification
Digital Twins for Process Intensification,2024-09-30,3:00 PM,IIT Palakkad,https://www.iitpkd.ac.in,Process Intensification
Genomics and Personalized Medicine,2024-07-10,10:00 AM,IIT Bombay,https://www.iitb.ac.in,Personalized Medicine
Precision Medicine: Advances and Applications,2024-07-12,11:00 AM,NIT Trichy,https://www.nitt.edu,Personalized Medicine
Clinical Pharmacogenomics Workshop,2024-07-15,2:00 PM,IIT Delhi,https://www.iitd.ac.in,Personalized Medicine
Bioinformatics in Personalized Medicine,2024-07-18,9:00 AM,IIT Madras,https://www.iitm.ac.in,Personalized Medicine
Omics Technologies in Personalized Healthcare,2024-07-20,1:00 PM,NIT Warangal,https://www.nitw.ac.in,Personalized Medicine
Artificial Intelligence in Personalized Medicine,2024-07-23,3:00 PM,IIT Kanpur,https://www.iitk.ac.in,Personalized Medicine
Pharmacogenetics and Drug Response,2024-07-25,10:00 AM,NIT Surathkal,https://www.nitk.ac.in,Personalized Medicine
Clinical Proteomics and Personalized Therapy,2024-07-28,11:00 AM,IIT Kharagpur,https://www.iitkgp.ac.in,Personalized Medicine
Genomic Data Analysis for Personalized Treatment,2024-07-30,2:00 PM,NIT Calicut,https://www.nitc.ac.in,Personalized Medicine
Ethical Issues in Personalized Medicine,2024-08-01,9:00 AM,IIT Roorkee,https://www.iitr.ac.in,Personalized Medicine
Patient-specific Treatment Strategies,2024-08-05,1:00 PM,NIT Rourkela,https://www.nitrkl.ac.in,Personalized Medicine
Microbiome and Personalized Health,2024-08-08,3:00 PM,IIT Guwahati,https://www.iitg.ac.in,Personalized Medicine
Regenerative Medicine and Personalized Therapy,2024-08-10,10:00 AM,NIT Durgapur,https://www.nitdgp.ac.in,Personalized Medicine
Digital Health Technologies in Personalized Medicine,2024-08-12,11:00 AM,IIT Hyderabad,https://www.iith.ac.in,Personalized Medicine
Nutrigenomics and Personalized Nutrition,2024-08-15,2:00 PM,NIT Silchar,https://www.nits.ac.in,Personalized Medicine
Clinical Application of Personalized Medicine,2024-08-18,9:00 AM,IIT Gandhinagar,https://www.iitgn.ac.in,Personalized Medicine
AI-driven Diagnostics for Personalized Treatment,2024-08-20,1:00 PM,NIT Jaipur,https://www.nitj.ac.in,Personalized Medicine
Biomarker Discovery in Personalized Medicine,2024-08-22,3:00 PM,IIT Bhubaneswar,https://www.iitbbs.ac.in,Personalized Medicine
Genetic Counseling and Personalized Care,2024-08-25,10:00 AM,NIT Patna,https://www.nitp.ac.in,Personalized Medicine
Digital Twin for Personalized Healthcare,2024-08-28,11:00 AM,IIT Ropar,https://www.iitrpr.ac.in,Personalized Medicine
Clinical Implementation of Personalized Therapies,2024-09-01,2:00 PM,NIT Kurukshetra,https://www.nitkkr.ac.in,Personalized Medicine
Bioinformatics Tools for Personalized Medicine,2024-09-05,9:00 AM,IIT Jodhpur,https://www.iitj.ac.in,Personalized Medicine
AI and Machine Learning in Personalized Medicine,2024-09-08,1:00 PM,NIT Meghalaya,https://www.nitm.ac.in,Personalized Medicine
Genomic Medicine and Personalized Diagnosis,2024-09-10,3:00 PM,IIT Indore,https://www.iiti.ac.in,Personalized Medicine
Health Data Analytics for Personalized Care,2024-09-12,10:00 AM,NIT Hamirpur,https://www.nith.ac.in,Personalized Medicine
Pharmacogenomics in Clinical Practice,2024-09-15,11:00 AM,IIT BHU,https://www.iitbhu.ac.in,Personalized Medicine
Mobile Health Technologies for Personalized Medicine,2024-09-18,2:00 PM,NIT Agartala,https://www.nita.ac.in,Personalized Medicine
Personalized Medicine in Cancer Therapy,2024-09-20,9:00 AM,IIT Mandi,https://www.iitmandi.ac.in,Personalized Medicine
Ethnic Diversity in Personalized Healthcare,2024-09-25,1:00 PM,NIT Jamshedpur,https://www.nitjsr.ac.in,Personalized Medicine
Clinical Trials and Personalized Medicine,2024-09-30,3:00 PM,IIT Palakkad,https://www.iitpkd.ac.in,Personalized Medicine
Current Trends in Biopharmaceuticals,2024-07-10,10:00 AM,IIT Bombay,https://www.iitb.ac.in,Bio-Pharmaceutical
Biopharmaceutical Drug Development,2024-07-12,11:00 AM,NIT Trichy,https://www.nitt.edu,Bio-Pharmaceutical
Biomanufacturing Technologies,2024-07-15,2:00 PM,IIT Delhi,https://www.iitd.ac.in,Bio-Pharmaceutical
Gene Therapy in Biopharmaceuticals,2024-07-18,9:00 AM,IIT Madras,https://www.iitm.ac.in,Bio-Pharmaceutical
Biopharmaceutical Regulatory Affairs,2024-07-20,1:00 PM,NIT Warangal,https://www.nitw.ac.in,Bio-Pharmaceutical
Monoclonal Antibodies and Biopharmaceuticals,2024-07-23,3:00 PM,IIT Kanpur,https://www.iitk.ac.in,Bio-Pharmaceutical
Clinical Trials in Biopharmaceuticals,2024-07-25,10:00 AM,NIT Surathkal,https://www.nitk.ac.in,Bio-Pharmaceutical
Biopharmaceutical Formulation Development,2024-07-28,11:00 AM,IIT Kharagpur,https://www.iitkgp.ac.in,Bio-Pharmaceutical
Stem Cells in Biopharmaceuticals,2024-07-30,2:00 PM,NIT Calicut,https://www.nitc.ac.in,Bio-Pharmaceutical
Biosimilars: Challenges and Opportunities,2024-08-01,9:00 AM,IIT Roorkee,https://www.iitr.ac.in,Bio-Pharmaceutical
Biopharmaceutical Quality Control,2024-08-05,1:00 PM,NIT Rourkela,https://www.nitrkl.ac.in,Bio-Pharmaceutical
Industrial Biotechnology in Biopharmaceuticals,2024-08-08,3:00 PM,IIT Guwahati,https://www.iitg.ac.in,Bio-Pharmaceutical
Personalized Medicine and Biopharmaceuticals,2024-08-10,10:00 AM,NIT Durgapur,https://www.nitdgp.ac.in,Bio-Pharmaceutical
Vaccines and Biopharmaceuticals,2024-08-12,11:00 AM,IIT Hyderabad,https://www.iith.ac.in,Bio-Pharmaceutical
Drug Delivery Systems in Biopharmaceuticals,2024-08-15,2:00 PM,NIT Silchar,https://www.nits.ac.in,Bio-Pharmaceutical
Nanotechnology in Biopharmaceuticals,2024-08-18,9:00 AM,IIT Gandhinagar,https://www.iitgn.ac.in,Bio-Pharmaceutical
Artificial Intelligence in Biopharmaceuticals,2024-08-20,1:00 PM,NIT Jaipur,https://www.nitj.ac.in,Bio-Pharmaceutical
Biopharmaceutical Product Development,2024-08-22,3:00 PM,IIT Bhubaneswar,https://www.iitbbs.ac.in,Bio-Pharmaceutical
Biopharmaceutical Market Trends,2024-08-25,10:00 AM,NIT Patna,https://www.nitp.ac.in,Bio-Pharmaceutical
Biopharmaceutical Innovation Summit,2024-08-28,11:00 AM,IIT Ropar,https://www.iitrpr.ac.in,Bio-Pharmaceutical
Bioinformatics in Biopharmaceutical Research,2024-09-01,2:00 PM,NIT Kurukshetra,https://www.nitkkr.ac.in,Bio-Pharmaceutical
Biopharmaceutical Process Optimization,2024-09-05,9:00 AM,IIT Jodhpur,https://www.iitj.ac.in,Bio-Pharmaceutical
Biopharmaceutical Supply Chain Management,2024-09-08,1:00 PM,NIT Meghalaya,https://www.nitm.ac.in,Bio-Pharmaceutical
Biopharmaceutical Patents and Intellectual Property,2024-09-10,3:00 PM,IIT Indore,https://www.iiti.ac.in,Bio-Pharmaceutical
Biopharmaceutical Scale-up and Manufacturing,2024-09-12,10:00 AM,NIT Hamirpur,https://www.nith.ac.in,Bio-Pharmaceutical
Regulatory Landscape in Biopharmaceuticals,2024-09-15,11:00 AM,IIT BHU,https://www.iitbhu.ac.in,Bio-Pharmaceutical
Clinical Development of Biopharmaceuticals,2024-09-18,2:00 PM,NIT Agartala,https://www.nita.ac.in,Bio-Pharmaceutical
Biopharmaceutical Research and Development,2024-09-20,9:00 AM,IIT Mandi,https://www.iitmandi.ac.in,Bio-Pharmaceutical
Biopharmaceutical Manufacturing Technologies,2024-09-25,1:00 PM,NIT Jamshedpur,https://www.nitjsr.ac.in,Bio-Pharmaceutical
Digital Transformation in Biopharmaceuticals,2024-09-30,3:00 PM,IIT Palakkad,https://www.iitpkd.ac.in,Bio-Pharmaceutical
Advanced Concepts in Mechanical Design,2024-07-10,10:00 AM,IIT Bombay,https://www.iitb.ac.in,Design and Actuation
Innovations in Actuator Technology,2024-07-12,11:00 AM,NIT Trichy,https://www.nitt.edu,Design and Actuation
Mechatronics and Control Systems,2024-07-15,2:00 PM,IIT Delhi,https://www.iitd.ac.in,Design and Actuation
Robotics and Automation in Mechanical Design,2024-07-18,9:00 AM,IIT Madras,https://www.iitm.ac.in,Design and Actuation
Sensors and Actuators for Smart Systems,2024-07-20,1:00 PM,NIT Warangal,https://www.nitw.ac.in,Design and Actuation
Design Optimization Techniques,2024-07-23,3:00 PM,IIT Kanpur,https://www.iitk.ac.in,Design and Actuation
Advanced Materials in Mechanical Design,2024-07-25,10:00 AM,NIT Surathkal,https://www.nitk.ac.in,Design and Actuation
Human-Robot Interaction,2024-07-28,11:00 AM,IIT Kharagpur,https://www.iitkgp.ac.in,Design and Actuation
Bio-inspired Design and Actuation,2024-07-30,2:00 PM,NIT Calicut,https://www.nitc.ac.in,Design and Actuation
Micro/Nano Actuators and Devices,2024-08-01,9:00 AM,IIT Roorkee,https://www.iitr.ac.in,Design and Actuation
Simulation and Modeling in Mechanical Design,2024-08-05,1:00 PM,NIT Rourkela,https://www.nitrkl.ac.in,Design and Actuation
Additive Manufacturing in Mechanical Design,2024-08-08,3:00 PM,IIT Guwahati,https://www.iitg.ac.in,Design and Actuation
Design for Manufacturing and Assembly,2024-08-10,10:00 AM,NIT Durgapur,https://www.nitdgp.ac.in,Design and Actuation
Control Strategies for Actuators,2024-08-12,11:00 AM,IIT Hyderabad,https://www.iith.ac.in,Design and Actuation
MEMS and NEMS Technology,2024-08-15,2:00 PM,NIT Silchar,https://www.nits.ac.in,Design and Actuation
Energy Harvesting Systems,2024-08-18,9:00 AM,IIT Gandhinagar,https://www.iitgn.ac.in,Design and Actuation
Design of Exoskeletons and Prosthetics,2024-08-20,1:00 PM,NIT Jaipur,https://www.nitj.ac.in,Design and Actuation
Advanced Control Algorithms,2024-08-22,3:00 PM,IIT Bhubaneswar,https://www.iitbbs.ac.in,Design and Actuation
CAD/CAM in Mechanical Design,2024-08-25,10:00 AM,NIT Patna,https://www.nitp.ac.in,Design and Actuation
Mechanical Systems Integration,2024-08-28,11:00 AM,IIT Ropar,https://www.iitrpr.ac.in,Design and Actuation
Human-Centered Design,2024-09-01,2:00 PM,NIT Kurukshetra,https://www.nitkkr.ac.in,Design and Actuation
Design Thinking and Innovation,2024-09-05,9:00 AM,IIT Jodhpur,https://www.iitj.ac.in,Design and Actuation
Precision Engineering and Design,2024-09-08,1:00 PM,NIT Meghalaya,https://www.nitm.ac.in,Design and Actuation
Machine Learning in Mechanical Design,2024-09-10,3:00 PM,IIT Indore,https://www.iiti.ac.in,Design and Actuation
Smart Materials and Actuators,2024-09-12,10:00 AM,NIT Hamirpur,https://www.nith.ac.in,Design and Actuation
Mechanical Design for Robotics,2024-09-15,11:00 AM,IIT BHU,https://www.iitbhu.ac.in,Design and Actuation
Digital Twins in Mechanical Design,2024-09-18,2:00 PM,NIT Agartala,https://www.nita.ac.in,Design and Actuation
Virtual Reality in Mechanical Design,2024-09-20,9:00 AM,IIT Mandi,https://www.iitmandi.ac.in,Design and Actuation
Design Validation and Testing,2024-09-25,1:00 PM,NIT Jamshedpur,https://www.nitjsr.ac.in,Design and Actuation
Industry 4.0 and Mechanical Design,2024-09-30,3:00 PM,IIT Palakkad,https://www.iitpkd.ac.in,Design and Actuation
Healthcare Analytics and Management,2024-07-10,10:00 AM,IIT Bombay,https://www.iitb.ac.in,Health Management
Telehealth Innovations Summit,2024-07-12,11:00 AM,NIT Trichy,https://www.nitt.edu,Health Management
Hospital Administration and Operations,2024-07-15,2:00 PM,IIT Delhi,https://www.iitd.ac.in,Health Management
Public Health Policy and Management,2024-07-18,9:00 AM,IIT Madras,https://www.iitm.ac.in,Health Management
Digital Health Technologies,2024-07-20,1:00 PM,NIT Warangal,https://www.nitw.ac.in,Health Management
Healthcare Quality and Patient Safety,2024-07-23,3:00 PM,IIT Kanpur,https://www.iitk.ac.in,Health Management
Health Informatics and Data Management,2024-07-25,10:00 AM,NIT Surathkal,https://www.nitk.ac.in,Health Management
Global Health Challenges and Solutions,2024-07-28,11:00 AM,IIT Kharagpur,https://www.iitkgp.ac.in,Health Management
Epidemiology and Disease Control,2024-07-30,2:00 PM,NIT Calicut,https://www.nitc.ac.in,Health Management
Healthcare Leadership and Strategy,2024-08-01,9:00 AM,IIT Roorkee,https://www.iitr.ac.in,Health Management
Healthcare Finance and Economics,2024-08-05,1:00 PM,NIT Rourkela,https://www.nitrkl.ac.in,Health Management
Mental Health Management,2024-08-08,3:00 PM,IIT Guwahati,https://www.iitg.ac.in,Health Management
Healthcare Technology Assessment,2024-08-10,10:00 AM,NIT Durgapur,https://www.nitdgp.ac.in,Health Management
Healthcare Ethics and Law,2024-08-12,11:00 AM,IIT Hyderabad,https://www.iith.ac.in,Health Management
Healthcare Innovation and Entrepreneurship,2024-08-15,2:00 PM,NIT Silchar,https://www.nits.ac.in,Health Management
Population Health Management,2024-08-18,9:00 AM,IIT Gandhinagar,https://www.iitgn.ac.in,Health Management
Healthcare Information Systems,2024-08-20,1:00 PM,NIT Jaipur,https://www.nitj.ac.in,Health Management
Healthcare Risk Management,2024-08-22,3:00 PM,IIT Bhubaneswar,https://www.iitbbs.ac.in,Health Management
Healthcare Innovation Summit,2024-08-25,10:00 AM,NIT Patna,https://www.nitp.ac.in,Health Management
Global Health Diplomacy,2024-08-28,11:00 AM,IIT Ropar,https://www.iitrpr.ac.in,Health Management
Healthcare Big Data Analytics,2024-09-01,2:00 PM,NIT Kurukshetra,https://www.nitkkr.ac.in,Health Management
Precision Medicine and Healthcare,2024-09-05,9:00 AM,IIT Jodhpur,https://www.iitj.ac.in,Health Management
Healthcare Management in Emerging Markets,2024-09-08,1:00 PM,NIT Meghalaya,https://www.nitm.ac.in,Health Management
Healthcare Policy Development,2024-09-10,3:00 PM,IIT Indore,https://www.iiti.ac.in,Health Management
Artificial Intelligence in Healthcare,2024-09-12,10:00 AM,NIT Hamirpur,https://www.nith.ac.in,Health Management
Healthcare Operations Management,2024-09-15,11:00 AM,IIT BHU,https://www.iitbhu.ac.in,Health Management
Healthcare Informatics and Decision Support,2024-09-18,2:00 PM,NIT Agartala,https://www.nita.ac.in,Health Management
Healthcare Service Delivery Models,2024-09-20,9:00 AM,IIT Mandi,https://www.iitmandi.ac.in,Health Management
Public Health Emergency Preparedness,2024-09-25,1:00 PM,NIT Jamshedpur,https://www.nitjsr.ac.in,Health Management
Digital Transformation in Healthcare,2024-09-30,3:00 PM,IIT Palakkad,https://www.iitpkd.ac.in,Health Management
Sustainable Water Management Practices,2024-07-10,10:00 AM,IIT Bombay,https://www.iitb.ac.in,Environmental Engineering
Air Pollution Control Technologies,2024-07-12,11:00 AM,NIT Trichy,https://www.nitt.edu,Environmental Engineering
Waste Management and Recycling Strategies,2024-07-15,2:00 PM,IIT Delhi,https://www.iitd.ac.in,Environmental Engineering
Climate Change Adaptation and Mitigation,2024-07-18,9:00 AM,IIT Madras,https://www.iitm.ac.in,Environmental Engineering
Environmental Impact Assessment,2024-07-20,1:00 PM,NIT Warangal,https://www.nitw.ac.in,Environmental Engineering
Renewable Energy and Sustainability,2024-07-23,3:00 PM,IIT Kanpur,https://www.iitk.ac.in,Environmental Engineering
Industrial Ecology and Green Design,2024-07-25,10:00 AM,NIT Surathkal,https://www.nitk.ac.in,Environmental Engineering
Urban Environmental Management,2024-07-28,11:00 AM,IIT Kharagpur,https://www.iitkgp.ac.in,Environmental Engineering
Ecological Restoration Techniques,2024-07-30,2:00 PM,NIT Calicut,https://www.nitc.ac.in,Environmental Engineering
Environmental Monitoring and Modeling,2024-08-01,9:00 AM,IIT Roorkee,https://www.iitr.ac.in,Environmental Engineering
Water Quality Management,2024-08-05,1:00 PM,NIT Rourkela,https://www.nitrkl.ac.in,Environmental Engineering
Natural Resource Conservation,2024-08-08,3:00 PM,IIT Guwahati,https://www.iitg.ac.in,Environmental Engineering
Climate Resilient Infrastructure,2024-08-10,10:00 AM,NIT Durgapur,https://www.nitdgp.ac.in,Environmental Engineering
Green Technologies for Sustainable Development,2024-08-12,11:00 AM,IIT Hyderabad,https://www.iith.ac.in,Environmental Engineering
Environmental Policy and Regulation,2024-08-15,2:00 PM,NIT Silchar,https://www.nits.ac.in,Environmental Engineering
Circular Economy and Resource Efficiency,2024-08-18,9:00 AM,IIT Gandhinagar,https://www.iitgn.ac.in,Environmental Engineering
Environmental Health and Safety,2024-08-20,1:00 PM,NIT Jaipur,https://www.nitj.ac.in,Environmental Engineering
Biodiversity Conservation Strategies,2024-08-22,3:00 PM,IIT Bhubaneswar,https://www.iitbbs.ac.in,Environmental Engineering
Environmental Chemistry and Microbiology,2024-08-25,10:00 AM,NIT Patna,https://www.nitp.ac.in,Environmental Engineering
Green Building and Infrastructure Design,2024-08-28,11:00 AM,IIT Ropar,https://www.iitrpr.ac.in,Environmental Engineering
Climate Policy and Governance,2024-09-01,2:00 PM,NIT Kurukshetra,https://www.nitkkr.ac.in,Environmental Engineering
Water Resource Engineering,2024-09-05,9:00 AM,IIT Jodhpur,https://www.iitj.ac.in,Environmental Engineering
Sustainable Agriculture and Environment,2024-09-08,1:00 PM,NIT Meghalaya,https://www.nitm.ac.in,Environmental Engineering
Ecotoxicology and Environmental Health,2024-09-10,3:00 PM,IIT Indore,https://www.iiti.ac.in,Environmental Engineering
Environmental Ethics and Philosophy,2024-09-12,10:00 AM,NIT Hamirpur,https://www.nith.ac.in,Environmental Engineering
Smart Cities and Environmental Sustainability,2024-09-15,11:00 AM,IIT BHU,https://www.iitbhu.ac.in,Environmental Engineering
Environmental Education and Awareness,2024-09-18,2:00 PM,NIT Agartala,https://www.nita.ac.in,Environmental Engineering
Industrial Pollution Control,2024-09-20,9:00 AM,IIT Mandi,https://www.iitmandi.ac.in,Environmental Engineering
Sustainable Development Goals (SDGs) and Environment,2024-09-25,1:00 PM,NIT Jamshedpur,https://www.nitjsr.ac.in,Environmental Engineering
Eco-friendly Technologies and Innovations,2024-09-30,3:00 PM,IIT Palakkad,https://www.iitpkd.ac.in,Environmental Engineering
Future of Consumer Electronics,2024-07-10,10:00 AM,IIT Bombay,https://www.iitb.ac.in,Consumption Technology
Digital Transformation in Retail,2024-07-12,11:00 AM,NIT Trichy,https://www.nitt.edu,Consumption Technology
E-commerce Trends and Innovations,2024-07-15,2:00 PM,IIT Delhi,https://www.iitd.ac.in,Consumption Technology
Smart Homes and IoT Devices,2024-07-18,9:00 AM,IIT Madras,https://www.iitm.ac.in,Consumption Technology
Blockchain in Supply Chain Management,2024-07-20,1:00 PM,NIT Warangal,https://www.nitw.ac.in,Consumption Technology
Augmented Reality in Retail Experience,2024-07-23,3:00 PM,IIT Kanpur,https://www.iitk.ac.in,Consumption Technology
Data Analytics for Consumer Behavior,2024-07-25,10:00 AM,NIT Surathkal,https://www.nitk.ac.in,Consumption Technology
Personalized Marketing Strategies,2024-07-28,11:00 AM,IIT Kharagpur,https://www.iitkgp.ac.in,Consumption Technology
Artificial Intelligence in Retail Operations,2024-07-30,2:00 PM,NIT Calicut,https://www.nitc.ac.in,Consumption Technology
Consumer Psychology and Decision Making,2024-08-01,9:00 AM,IIT Roorkee,https://www.iitr.ac.in,Consumption Technology
Digital Payments and Financial Inclusion,2024-08-05,1:00 PM,NIT Rourkela,https://www.nitrkl.ac.in,Consumption Technology
Retail Innovations in Emerging Markets,2024-08-08,3:00 PM,IIT Guwahati,https://www.iitg.ac.in,Consumption Technology
Cybersecurity in Retail Environments,2024-08-10,10:00 AM,NIT Durgapur,https://www.nitdgp.ac.in,Consumption Technology
Virtual Reality Shopping Experiences,2024-08-12,11:00 AM,IIT Hyderabad,https://www.iith.ac.in,Consumption Technology
Omni-channel Retail Strategies,2024-08-15,2:00 PM,NIT Silchar,https://www.nits.ac.in,Consumption Technology
Sustainable Consumption Practices,2024-08-18,9:00 AM,IIT Gandhinagar,https://www.iitgn.ac.in,Consumption Technology
Consumer Privacy and Data Protection,2024-08-20,1:00 PM,NIT Jaipur,https://www.nitj.ac.in,Consumption Technology
Future Trends in Food Technology,2024-08-22,3:00 PM,IIT Bhubaneswar,https://www.iitbbs.ac.in,Consumption Technology
Innovative Packaging Solutions,2024-08-25,10:00 AM,NIT Patna,https://www.nitp.ac.in,Consumption Technology
E-commerce Platforms and Marketplaces,2024-08-28,11:00 AM,IIT Ropar,https://www.iitrpr.ac.in,Consumption Technology
Retail Supply Chain Optimization,2024-09-01,2:00 PM,NIT Kurukshetra,https://www.nitkkr.ac.in,Consumption Technology
Consumer Trends in Health and Wellness,2024-09-05,9:00 AM,IIT Jodhpur,https://www.iitj.ac.in,Consumption Technology
Social Media Influencing Consumer Behavior,2024-09-08,1:00 PM,NIT Meghalaya,https://www.nitm.ac.in,Consumption Technology
Robotic Automation in Retail Logistics,2024-09-10,3:00 PM,IIT Indore,https://www.iiti.ac.in,Consumption Technology
Environmental Sustainability in Retail,2024-09-12,10:00 AM,NIT Hamirpur,https://www.nith.ac.in,Consumption Technology
Consumer Experience Design,2024-09-15,11:00 AM,IIT BHU,https://www.iitbhu.ac.in,Consumption Technology
Ethical Consumerism and Corporate Responsibility,2024-09-18,2:00 PM,NIT Agartala,https://www.nita.ac.in,Consumption Technology
AI-powered Personalization in Retail,2024-09-20,9:00 AM,IIT Mandi,https://www.iitmandi.ac.in,Consumption Technology
Digital Marketing Strategies for Retailers,2024-09-25,1:00 PM,NIT Jamshedpur,https://www.nitjsr.ac.in,Consumption Technology
Innovation in Customer Engagement,2024-09-30,3:00 PM,IIT Palakkad,https://www.iitpkd.ac.in,Consumption Technology




